,0,1,2,3,4,accuracy,macro avg,weighted avg
precision,0.7692307692307693,0.5,0.2857142857142857,0.16666666666666666,0.0,0.6,0.3443223443223443,0.5547008547008546
recall,0.9375,0.2727272727272727,0.2857142857142857,0.14285714285714285,0.0,0.6,0.32775974025974025,0.6
f1-score,0.8450704225352113,0.3529411764705882,0.2857142857142857,0.15384615384615383,0.0,0.6,0.32751440771324775,0.5666921589871052
support,32.0,11.0,7.0,7.0,3.0,0.6,60.0,60.0
